month,count,sum,mean,std,cv_pct
1,31,727742.646905000,23475.569255000,7385.250503922,31.459303175
2,28,938423.980148000,33515.142148143,12244.848417196,36.535272215
3,31,1109625.277422000,35794.363787806,14016.261535527,39.157733376
4,30,1328149.274784000,44271.642492800,13613.991455105,30.751042176
5,31,1197311.806110000,38622.961487419,16722.890715603,43.297795072
6,30,1229578.591689000,40985.953056300,14570.147256971,35.549123957
7,31,1342222.904340000,43297.513043226,13568.442813726,31.337695540
8,31,1230906.888667000,39706.673827968,11502.470767673,28.968608193
9,30,897630.943675000,29921.031455833,10460.528852931,34.960455385
10,31,829082.409150000,26744.593843548,10978.381132728,41.048973101
11,30,927675.294283000,30922.509809433,8132.089083517,26.298282816
12,31,763959.054683000,24643.840473645,8867.198040568,35.981396853
